,6-area-simple2-fjsp-0999-param-opt-2-,converged_iterations,total_time,min
Mk07,150.0,2765.0,294.52120184898376,150.0
Mk09,312.0,3155.0,680.2309973239899,311.0
