,6-area-simple2-fjsp-0999-param-opt-2-,converged_iterations,total_time,min
Mk07,165.0,1151.0,134.5171205997467,155.0
Mk09,319.0,1961.0,481.0071692466736,317.0
