,6-area-simple2-fjsp-0999-param-opt-2-,converged_iterations,total_time,min
Mk07,161.0,1625.0,187.25668907165527,159.0
Mk09,332.0,1145.0,256.93221974372864,320.0
