,6-area-simple2-fjsp-0999-param-opt-2-,converged_iterations,total_time,min
Mk07,158.0,2897.0,302.07451009750366,154.0
Mk09,319.0,2825.0,617.665295124054,310.0
