,6-area-simple2-fjsp-0999-param-opt-2-,converged_iterations,total_time,min
Mk07,149.0,3644.0,304.5292615890503,149.0
Mk09,307.0,5381.0,978.0991551876068,307.0
