,6-area-simple2-fjsp-0999-param-opt-2-,converged_iterations,total_time,min
Mk07,163.0,2603.0,260.01607298851013,154.0
Mk09,311.0,3719.0,770.6909966468811,307.0
