,6-area-simple2-fjsp-0999-param-opt-2-,converged_iterations,total_time,min
Mk07,158.0,3815.0,331.1556761264801,152.0
Mk09,311.0,3914.0,706.3811058998108,311.0
