,6-area-simple2-fjsp-0999-param-opt-2-,converged_iterations,total_time,min
Mk07,157.0,1355.0,172.0836431980133,154.0
Mk09,312.0,1646.0,380.39455223083496,311.0
