,6-area-simple2-fjsp-0999-param-opt-2-,converged_iterations,total_time,min
Mk07,154.0,4985.0,481.3843922615051,151.0
Mk09,311.0,18404.0,3600.705152273178,311.0
